{"status": "UNRIGGED", "joint_count": 0, "classified_preset": "default", "confidence": "low", "features": {"dx": 0.525146484375, "dy": 0.9736328125, "dz": 0.977447509765625, "vertical_aspect_ratio": 0.9960972868338068, "horizontal_flatness": 1.0039180040120361, "mean_curvature": 0.0, "curvature_std": 0.0}}